txn_id,date,iso_date,narration,ref_no,value_date,type,category,mode,withdrawal,deposit,balance,status
TXN00001,01/04/2024,2024-04-01,UPI-IRCTC UPI-IRCTC@SBI-SBIN0IRCTC1-933251567391-UPI,0000933251567391,01/04/2024,CR,Travel,UPI,,2173.45,54173.45,SUCCESS
TXN00002,02/04/2024,2024-04-02,NEFT-SALARY CREDIT-EMPLOYER PAYROLL-336890980656,0000336890980656,02/04/2024,CR,Salary,NEFT,,53743.28,107916.73,SUCCESS
TXN00003,03/04/2024,2024-04-03,UPI-SWIGGY INDIA-SWIGGYSTORES@ICICI-ICIC0DC0099-213114812281-UPI,0000213114812281,03/04/2024,DR,Food,UPI,1531.87,,106384.86,SUCCESS
TXN00004,04/04/2024,2024-04-04,UPI-MEDPLUS PHARMACY-MEDPLUS@ICICI-ICIC0MEDPLS-150711229823-UPI,0000150711229823,04/04/2024,DR,Rent,UPI,17643.0,,88741.86,SUCCESS
TXN00005,05/04/2024,2024-04-05,UPI-SWIGGY INDIA-SWIGGYSTORES@ICICI-ICIC0DC0099-516278088865-UPI,0000516278088865,05/04/2024,DR,Food,UPI,2355.56,,86386.3,SUCCESS
TXN00006,06/04/2024,2024-04-06,UPI-PETROL PUMP HP-HPCL.PETROL@AXIS-UTIB0HPCUPI-312933106111-UPI,0000312933106111,06/04/2024,DR,Fuel,UPI,340.79,,86045.51,SUCCESS
TXN00007,07/04/2024,2024-04-07,UPI-AMAZON PAY INDIA-AMAZONPAY@APL-AXIS0000002-357076632102-UPI,0000357076632102,07/04/2024,DR,Shopping,UPI,243.1,,85802.41,SUCCESS
TXN00008,08/04/2024,2024-04-08,UPI-BHARAT PETROLEUM-BPCLPETRO.98765@YBL-YESB0BPCLUP-488136971784-UPI,0000488136971784,08/04/2024,CR,Fuel,UPI,,4270.56,90072.97,SUCCESS
TXN00009,09/04/2024,2024-04-09,UPI-SWIGGY INDIA-SWIGGYSTORES@ICICI-ICIC0DC0099-811605418712-UPI,0000811605418712,09/04/2024,DR,Food,UPI,110.44,,89962.53,SUCCESS
TXN00010,10/04/2024,2024-04-10,UPI-NETFLIX ENTERTAIN-NETFLIX.IND@ICICI-ICIC0NFLX01-518597220210-UPI,0000518597220210,10/04/2024,CR,Entertainment,UPI,,3912.0,93874.53,SUCCESS
TXN00011,11/04/2024,2024-04-11,UPI-MYNTRA DESIGNS-MYNTRA@ICICI-ICIC0MYNUPI-342910249529-UPI,0000342910249529,11/04/2024,DR,Shopping,UPI,391.11,,93483.42,SUCCESS
TXN00012,12/04/2024,2024-04-12,UPI-PUSHKAR DHANPAL PATL-PUSHKARPATLE441@OKSBI-UBIN0559431-447055029070-UPI,0000447055029070,12/04/2024,DR,Rent,UPI,3328.73,,90154.69,SUCCESS
TXN00013,13/04/2024,2024-04-13,UPI-FLIPKART INTERNET-FLIPKART@YESBANK-YESB0FLKUPI-818172762479-UPI,0000818172762479,13/04/2024,DR,Shopping,UPI,1876.56,,88278.13,SUCCESS
TXN00014,14/04/2024,2024-04-14,UPI-BYJU LEARNING-BYJUS.FEE@HDFC-HDFC0BYJUPI-371182647325-UPI,0000371182647325,14/04/2024,DR,Education,UPI,2253.76,,86024.37,SUCCESS
TXN00015,15/04/2024,2024-04-15,UPI-RELIANCE JIO-JIO.BILLPAY@HDFCBANK-HDFC0JIOUPI-342072931479-UPI,0000342072931479,15/04/2024,DR,Utility,UPI,72.73,,85951.64,SUCCESS
TXN00016,16/04/2024,2024-04-16,UPI-IRCTC UPI-IRCTC@SBI-SBIN0IRCTC1-787851215839-UPI,0000787851215839,16/04/2024,CR,Travel,UPI,,2648.53,88600.17,SUCCESS
TXN00017,17/04/2024,2024-04-17,UPI-PUSHKAR DHANPAL PATL-PUSHKARPATLE441@OKSBI-UBIN0559431-521179644432-UPI,0000521179644432,17/04/2024,DR,Rent,UPI,249.98,,88350.19,SUCCESS
TXN00018,18/04/2024,2024-04-18,UPI-AMAZON PAY INDIA-AMAZONPAY@APL-AXIS0000002-893195777447-UPI,0000893195777447,18/04/2024,CR,Shopping,UPI,,3314.43,91664.62,SUCCESS
TXN00019,19/04/2024,2024-04-19,UPI-INDIGO AIRLINES-INDIGOAIR@HDFC-HDFC0INDIGO-942959595464-UPI,0000942959595464,19/04/2024,DR,Travel,UPI,167.95,,91496.67,SUCCESS
TXN00020,20/04/2024,2024-04-20,UPI-BYJU LEARNING-BYJUS.FEE@HDFC-HDFC0BYJUPI-894370590668-UPI,0000894370590668,20/04/2024,DR,Education,UPI,265.28,,91231.39,SUCCESS
TXN00021,21/04/2024,2024-04-21,UPI-MSEB VIDYUT-MSEDCL.BILL@YBL-YESB0MSEBUP-790933616150-UPI,0000790933616150,21/04/2024,CR,Utility,UPI,,3144.44,94375.83,SUCCESS
TXN00022,22/04/2024,2024-04-22,UPI-PRIYA SHARMA-PRIYASHARMA92@OKICICI-ICIC0000123-268358041225-UPI,0000268358041225,22/04/2024,CR,Transfer,UPI,,3328.4,97704.23,SUCCESS
TXN00023,23/04/2024,2024-04-23,UPI-ROHAN MEHTA-ROHANM7@OKAXIS-UTIB0000456-757132452561-UPI,0000757132452561,23/04/2024,DR,Transfer,UPI,1588.94,,96115.29,SUCCESS
TXN00024,24/04/2024,2024-04-24,UPI-BIG BAZAAR RETAIL-BIGBAZAAR.MH01@HDFCBANK-HDFC0BBUPI1-161157982007-UPI,0000161157982007,24/04/2024,CR,Shopping,UPI,,5692.31,101807.6,SUCCESS
TXN00025,25/04/2024,2024-04-25,UPI-FLIPKART INTERNET-FLIPKART@YESBANK-YESB0FLKUPI-903526763113-UPI,0000903526763113,25/04/2024,CR,Shopping,UPI,,5872.31,107679.91,SUCCESS
TXN00026,26/04/2024,2024-04-26,UPI-RELIANCE JIO-JIO.BILLPAY@HDFCBANK-HDFC0JIOUPI-944101545574-UPI,0000944101545574,26/04/2024,DR,Utility,UPI,2149.41,,105530.5,SUCCESS
TXN00027,27/04/2024,2024-04-27,UPI-BHARAT PETROLEUM-BPCLPETRO.98765@YBL-YESB0BPCLUP-566461768998-UPI,0000566461768998,27/04/2024,CR,Fuel,UPI,,4580.54,110111.04,SUCCESS
TXN00028,28/04/2024,2024-04-28,UPI-PETROL PUMP HP-HPCL.PETROL@AXIS-UTIB0HPCUPI-322006291036-UPI,0000322006291036,28/04/2024,DR,Fuel,UPI,2449.63,,107661.41,SUCCESS
TXN00029,29/04/2024,2024-04-29,UPI-OLA CABS INDIA-OLACABS@HDFCBANK-HDFC0OLAUPI-670799496139-UPI,0000670799496139,29/04/2024,DR,Travel,UPI,135.61,,107525.8,SUCCESS
TXN00030,30/04/2024,2024-04-30,UPI-DMART AVENUE SUPERMA-DMARTAVENUESUPERMART@HDFCBANK-HDFC0MERUPI-343045499634-UPI,0000343045499634,30/04/2024,DR,Grocery,UPI,326.62,,107199.18,SUCCESS
TXN00031,01/05/2024,2024-05-01,UPI-BHARAT PETROLEUM-BPCLPETRO.98765@YBL-YESB0BPCLUP-371052246567-UPI,0000371052246567,01/05/2024,DR,Fuel,UPI,1765.64,,105433.54,SUCCESS
TXN00032,02/05/2024,2024-05-02,NEFT-SALARY CREDIT-EMPLOYER PAYROLL-372569912085,0000372569912085,02/05/2024,CR,Salary,NEFT,,53246.92,158680.46,SUCCESS
TXN00033,03/05/2024,2024-05-03,UPI-MEDPLUS PHARMACY-MEDPLUS@ICICI-ICIC0MEDPLS-585655080082-UPI,0000585655080082,03/05/2024,DR,Health,UPI,336.51,,158343.95,SUCCESS
TXN00034,04/05/2024,2024-05-04,UPI-BIG BAZAAR RETAIL-BIGBAZAAR.MH01@HDFCBANK-HDFC0BBUPI1-202946055043-UPI,0000202946055043,04/05/2024,DR,Rent,UPI,18776.0,,139567.95,SUCCESS
TXN00035,05/05/2024,2024-05-05,UPI-FLIPKART INTERNET-FLIPKART@YESBANK-YESB0FLKUPI-547390899554-UPI,0000547390899554,05/05/2024,DR,Shopping,UPI,436.39,,139131.56,SUCCESS
TXN00036,06/05/2024,2024-05-06,UPI-PUSHKAR DHANPAL PATL-PUSHKARPATLE441@OKSBI-UBIN0559431-101627677155-UPI,0000101627677155,06/05/2024,DR,Rent,UPI,1865.03,,137266.53,SUCCESS
TXN00037,07/05/2024,2024-05-07,UPI-MYNTRA DESIGNS-MYNTRA@ICICI-ICIC0MYNUPI-713249868174-UPI,0000713249868174,07/05/2024,CR,Shopping,UPI,,1097.82,138364.35,SUCCESS
TXN00038,08/05/2024,2024-05-08,UPI-ZOMATO LTD-ZOMATO-ONLINE@YBL-YESB0ZOMUPI-337497551698-UPI,0000337497551698,08/05/2024,DR,Food,UPI,284.83,,138079.52,SUCCESS
TXN00039,09/05/2024,2024-05-09,UPI-FLIPKART INTERNET-FLIPKART@YESBANK-YESB0FLKUPI-740165486786-UPI,0000740165486786,09/05/2024,DR,Shopping,UPI,430.78,,137648.74,SUCCESS
TXN00040,10/05/2024,2024-05-10,UPI-SWIGGY INDIA-SWIGGYSTORES@ICICI-ICIC0DC0099-305519951312-UPI,0000305519951312,10/05/2024,DR,Food,UPI,347.35,,137301.39,SUCCESS
TXN00041,11/05/2024,2024-05-11,UPI-LIC PREMIUM-LICPREMIUM@SBI-SBIN0LICUPI-373029676920-UPI,0000373029676920,11/05/2024,DR,Insurance,UPI,1757.67,,135543.72,SUCCESS
TXN00042,12/05/2024,2024-05-12,UPI-BHARAT PETROLEUM-BPCLPETRO.98765@YBL-YESB0BPCLUP-387482374357-UPI,0000387482374357,12/05/2024,CR,Fuel,UPI,,2022.27,137565.99,SUCCESS
TXN00043,13/05/2024,2024-05-13,UPI-RELIANCE JIO-JIO.BILLPAY@HDFCBANK-HDFC0JIOUPI-534932502545-UPI,0000534932502545,13/05/2024,CR,Utility,UPI,,1939.98,139505.97,SUCCESS
TXN00044,14/05/2024,2024-05-14,UPI-OLA CABS INDIA-OLACABS@HDFCBANK-HDFC0OLAUPI-108901504899-UPI,0000108901504899,14/05/2024,DR,Travel,UPI,294.61,,139211.36,SUCCESS
TXN00045,15/05/2024,2024-05-15,UPI-RELIANCE JIO-JIO.BILLPAY@HDFCBANK-HDFC0JIOUPI-389935567052-UPI,0000389935567052,15/05/2024,CR,Utility,UPI,,5309.01,144520.37,SUCCESS
TXN00046,16/05/2024,2024-05-16,UPI-PRIYA SHARMA-PRIYASHARMA92@OKICICI-ICIC0000123-370064409283-UPI,0000370064409283,16/05/2024,DR,Transfer,UPI,2129.65,,142390.72,SUCCESS
TXN00047,17/05/2024,2024-05-17,UPI-INDIGO AIRLINES-INDIGOAIR@HDFC-HDFC0INDIGO-989003396697-UPI,0000989003396697,17/05/2024,DR,Travel,UPI,343.9,,142046.82,SUCCESS
TXN00048,18/05/2024,2024-05-18,UPI-AMAZON PAY INDIA-AMAZONPAY@APL-AXIS0000002-388339584783-UPI,0000388339584783,18/05/2024,CR,Shopping,UPI,,4506.02,146552.84,SUCCESS
TXN00049,19/05/2024,2024-05-19,UPI-MSEB VIDYUT-MSEDCL.BILL@YBL-YESB0MSEBUP-397020387114-UPI,0000397020387114,19/05/2024,DR,Utility,UPI,1110.79,,145442.05,SUCCESS
TXN00050,20/05/2024,2024-05-20,UPI-NETFLIX ENTERTAIN-NETFLIX.IND@ICICI-ICIC0NFLX01-639041627377-UPI,0000639041627377,20/05/2024,CR,Entertainment,UPI,,5107.4,150549.45,SUCCESS
TXN00051,21/05/2024,2024-05-21,UPI-SNEHA KULKARNI-SNEHAK2000@OKSBI-SBIN0007788-796181120841-UPI,0000796181120841,21/05/2024,CR,Transfer,UPI,,455.7,151005.15,SUCCESS
TXN00052,22/05/2024,2024-05-22,UPI-RELIANCE JIO-JIO.BILLPAY@HDFCBANK-HDFC0JIOUPI-947541171734-UPI,0000947541171734,22/05/2024,CR,Utility,UPI,,1719.34,152724.49,SUCCESS
TXN00053,23/05/2024,2024-05-23,UPI-MEDPLUS PHARMACY-MEDPLUS@ICICI-ICIC0MEDPLS-588514866975-UPI,0000588514866975,23/05/2024,CR,Health,UPI,,3453.26,156177.75,SUCCESS
TXN00054,24/05/2024,2024-05-24,UPI-PETROL PUMP HP-HPCL.PETROL@AXIS-UTIB0HPCUPI-182084873288-UPI,0000182084873288,24/05/2024,CR,Fuel,UPI,,3364.42,159542.17,SUCCESS
TXN00055,25/05/2024,2024-05-25,UPI-LIC PREMIUM-LICPREMIUM@SBI-SBIN0LICUPI-507311484139-UPI,0000507311484139,25/05/2024,DR,Insurance,UPI,625.49,,158916.68,SUCCESS
TXN00056,26/05/2024,2024-05-26,UPI-PRIYA SHARMA-PRIYASHARMA92@OKICICI-ICIC0000123-146646362417-UPI,0000146646362417,26/05/2024,DR,Transfer,UPI,808.38,,158108.3,SUCCESS
TXN00057,27/05/2024,2024-05-27,UPI-BYJU LEARNING-BYJUS.FEE@HDFC-HDFC0BYJUPI-782787430916-UPI,0000782787430916,27/05/2024,DR,Education,UPI,467.04,,157641.26,SUCCESS
TXN00058,28/05/2024,2024-05-28,UPI-DMART AVENUE SUPERMA-DMARTAVENUESUPERMART@HDFCBANK-HDFC0MERUPI-554757219856-UPI,0000554757219856,28/05/2024,DR,Grocery,UPI,2847.16,,154794.1,SUCCESS
TXN00059,29/05/2024,2024-05-29,UPI-BYJU LEARNING-BYJUS.FEE@HDFC-HDFC0BYJUPI-837884981282-UPI,0000837884981282,29/05/2024,CR,Education,UPI,,1747.47,156541.57,SUCCESS
TXN00060,30/05/2024,2024-05-30,UPI-AMAZON PAY INDIA-AMAZONPAY@APL-AXIS0000002-872180893759-UPI,0000872180893759,30/05/2024,DR,Shopping,UPI,48.2,,156493.37,SUCCESS
TXN00061,31/05/2024,2024-05-31,UPI-MSEB VIDYUT-MSEDCL.BILL@YBL-YESB0MSEBUP-484229076692-UPI,0000484229076692,31/05/2024,CR,Utility,UPI,,5253.67,161747.04,SUCCESS
TXN00062,01/06/2024,2024-06-01,UPI-BHARAT PETROLEUM-BPCLPETRO.98765@YBL-YESB0BPCLUP-735223535913-UPI,0000735223535913,01/06/2024,DR,Fuel,UPI,363.13,,161383.91,SUCCESS
TXN00063,02/06/2024,2024-06-02,NEFT-SALARY CREDIT-EMPLOYER PAYROLL-574010721878,0000574010721878,02/06/2024,CR,Salary,NEFT,,48419.84,209803.75,SUCCESS
TXN00064,03/06/2024,2024-06-03,UPI-ROHAN MEHTA-ROHANM7@OKAXIS-UTIB0000456-784317998415-UPI,0000784317998415,03/06/2024,CR,Transfer,UPI,,922.83,210726.58,SUCCESS
TXN00065,04/06/2024,2024-06-04,UPI-MYNTRA DESIGNS-MYNTRA@ICICI-ICIC0MYNUPI-430283186227-UPI,0000430283186227,04/06/2024,DR,Rent,UPI,16361.0,,194365.58,SUCCESS
TXN00066,05/06/2024,2024-06-05,UPI-PUSHKAR DHANPAL PATL-PUSHKARPATLE441@OKSBI-UBIN0559431-458236319765-UPI,0000458236319765,05/06/2024,CR,Rent,UPI,,3415.59,197781.17,SUCCESS
TXN00067,06/06/2024,2024-06-06,UPI-MYNTRA DESIGNS-MYNTRA@ICICI-ICIC0MYNUPI-560385447606-UPI,0000560385447606,06/06/2024,CR,Shopping,UPI,,4128.44,201909.61,SUCCESS
TXN00068,07/06/2024,2024-06-07,UPI-BOOK MY SHOW-BOOKMYSHOW@YBL-YESB0BMSUP1-292856081318-UPI,0000292856081318,07/06/2024,DR,Entertainment,UPI,3001.18,,198908.43,SUCCESS
TXN00069,08/06/2024,2024-06-08,UPI-SNEHA KULKARNI-SNEHAK2000@OKSBI-SBIN0007788-328865551724-UPI,0000328865551724,08/06/2024,CR,Transfer,UPI,,3718.64,202627.07,SUCCESS
TXN00070,09/06/2024,2024-06-09,UPI-OLA CABS INDIA-OLACABS@HDFCBANK-HDFC0OLAUPI-612485158138-UPI,0000612485158138,09/06/2024,DR,Travel,UPI,130.44,,202496.63,SUCCESS
TXN00071,10/06/2024,2024-06-10,UPI-MSEB VIDYUT-MSEDCL.BILL@YBL-YESB0MSEBUP-193024055640-UPI,0000193024055640,10/06/2024,DR,Utility,UPI,327.48,,202169.15,SUCCESS
TXN00072,11/06/2024,2024-06-11,UPI-BIG BAZAAR RETAIL-BIGBAZAAR.MH01@HDFCBANK-HDFC0BBUPI1-442192051776-UPI,0000442192051776,11/06/2024,CR,Shopping,UPI,,1054.65,203223.8,SUCCESS
TXN00073,12/06/2024,2024-06-12,UPI-FLIPKART INTERNET-FLIPKART@YESBANK-YESB0FLKUPI-366486458768-UPI,0000366486458768,12/06/2024,DR,Shopping,UPI,391.19,,202832.61,SUCCESS
TXN00074,13/06/2024,2024-06-13,UPI-PUSHKAR DHANPAL PATL-PUSHKARPATLE441@OKSBI-UBIN0559431-867589450881-UPI,0000867589450881,13/06/2024,DR,Rent,UPI,144.67,,202687.94,SUCCESS
TXN00075,14/06/2024,2024-06-14,UPI-ANAND KUMAR GUPTA-GUPTAANAND@OKHDFCBANK-HDFC0000102-928467665569-UPI,0000928467665569,14/06/2024,CR,Transfer,UPI,,4714.84,207402.78,SUCCESS
TXN00076,15/06/2024,2024-06-15,UPI-PETROL PUMP HP-HPCL.PETROL@AXIS-UTIB0HPCUPI-294213443847-UPI,0000294213443847,15/06/2024,DR,Fuel,UPI,53.6,,207349.18,SUCCESS
TXN00077,16/06/2024,2024-06-16,UPI-OLA CABS INDIA-OLACABS@HDFCBANK-HDFC0OLAUPI-247989376703-UPI,0000247989376703,16/06/2024,CR,Travel,UPI,,5929.78,213278.96,SUCCESS
TXN00078,17/06/2024,2024-06-17,UPI-ANAND KUMAR GUPTA-GUPTAANAND@OKHDFCBANK-HDFC0000102-450449799205-UPI,0000450449799205,17/06/2024,CR,Transfer,UPI,,3753.38,217032.34,SUCCESS
TXN00079,18/06/2024,2024-06-18,UPI-MEDPLUS PHARMACY-MEDPLUS@ICICI-ICIC0MEDPLS-570319440963-UPI,0000570319440963,18/06/2024,DR,Health,UPI,3084.48,,213947.86,SUCCESS
TXN00080,19/06/2024,2024-06-19,UPI-BIG BAZAAR RETAIL-BIGBAZAAR.MH01@HDFCBANK-HDFC0BBUPI1-925746940063-UPI,0000925746940063,19/06/2024,CR,Shopping,UPI,,1808.41,215756.27,SUCCESS
TXN00081,20/06/2024,2024-06-20,UPI-FLIPKART INTERNET-FLIPKART@YESBANK-YESB0FLKUPI-674570738361-UPI,0000674570738361,20/06/2024,DR,Shopping,UPI,732.45,,215023.82,SUCCESS
TXN00082,21/06/2024,2024-06-21,UPI-ROHAN MEHTA-ROHANM7@OKAXIS-UTIB0000456-397359885684-UPI,0000397359885684,21/06/2024,DR,Transfer,UPI,283.87,,214739.95,SUCCESS
TXN00083,22/06/2024,2024-06-22,UPI-RELIANCE JIO-JIO.BILLPAY@HDFCBANK-HDFC0JIOUPI-861854335443-UPI,0000861854335443,22/06/2024,CR,Utility,UPI,,572.53,215312.48,SUCCESS
TXN00084,23/06/2024,2024-06-23,UPI-MEDPLUS PHARMACY-MEDPLUS@ICICI-ICIC0MEDPLS-462527878842-UPI,0000462527878842,23/06/2024,DR,Health,UPI,2998.67,,212313.81,SUCCESS
TXN00085,24/06/2024,2024-06-24,UPI-LIC PREMIUM-LICPREMIUM@SBI-SBIN0LICUPI-949994808961-UPI,0000949994808961,24/06/2024,CR,Insurance,UPI,,313.29,212627.1,SUCCESS
TXN00086,25/06/2024,2024-06-25,UPI-LIC PREMIUM-LICPREMIUM@SBI-SBIN0LICUPI-941301014309-UPI,0000941301014309,25/06/2024,DR,Insurance,UPI,1555.28,,211071.82,SUCCESS
TXN00087,26/06/2024,2024-06-26,UPI-BYJU LEARNING-BYJUS.FEE@HDFC-HDFC0BYJUPI-690210202253-UPI,0000690210202253,26/06/2024,CR,Education,UPI,,4839.24,215911.06,SUCCESS
TXN00088,27/06/2024,2024-06-27,UPI-FLIPKART INTERNET-FLIPKART@YESBANK-YESB0FLKUPI-344374238950-UPI,0000344374238950,27/06/2024,DR,Shopping,UPI,587.07,,215323.99,SUCCESS
TXN00089,28/06/2024,2024-06-28,UPI-PUSHKAR DHANPAL PATL-PUSHKARPATLE441@OKSBI-UBIN0559431-845902132535-UPI,0000845902132535,28/06/2024,CR,Rent,UPI,,5074.93,220398.92,SUCCESS
TXN00090,29/06/2024,2024-06-29,UPI-BOOK MY SHOW-BOOKMYSHOW@YBL-YESB0BMSUP1-241388354666-UPI,0000241388354666,29/06/2024,DR,Entertainment,UPI,456.26,,219942.66,SUCCESS
TXN00091,30/06/2024,2024-06-30,UPI-SNEHA KULKARNI-SNEHAK2000@OKSBI-SBIN0007788-804735188129-UPI,0000804735188129,30/06/2024,DR,Transfer,UPI,650.85,,219291.81,SUCCESS
TXN00092,01/07/2024,2024-07-01,UPI-LIC PREMIUM-LICPREMIUM@SBI-SBIN0LICUPI-227429355441-UPI,0000227429355441,01/07/2024,CR,Insurance,UPI,,2897.2,222189.01,SUCCESS
TXN00093,02/07/2024,2024-07-02,NEFT-SALARY CREDIT-EMPLOYER PAYROLL-942914148319,0000942914148319,02/07/2024,CR,Salary,NEFT,,50213.37,272402.38,SUCCESS
TXN00094,03/07/2024,2024-07-03,UPI-BYJU LEARNING-BYJUS.FEE@HDFC-HDFC0BYJUPI-768322220181-UPI,0000768322220181,03/07/2024,CR,Education,UPI,,4711.19,277113.57,SUCCESS
TXN00095,04/07/2024,2024-07-04,UPI-MSEB VIDYUT-MSEDCL.BILL@YBL-YESB0MSEBUP-217300018982-UPI,0000217300018982,04/07/2024,DR,Rent,UPI,16773.0,,260340.57,SUCCESS
TXN00096,05/07/2024,2024-07-05,UPI-PUSHKAR DHANPAL PATL-PUSHKARPATLE441@OKSBI-UBIN0559431-845502370306-UPI,0000845502370306,05/07/2024,DR,Rent,UPI,366.06,,259974.51,SUCCESS
TXN00097,06/07/2024,2024-07-06,UPI-ANAND KUMAR GUPTA-GUPTAANAND@OKHDFCBANK-HDFC0000102-864941841452-UPI,0000864941841452,06/07/2024,DR,Transfer,UPI,351.6,,259622.91,SUCCESS
TXN00098,07/07/2024,2024-07-07,UPI-SNEHA KULKARNI-SNEHAK2000@OKSBI-SBIN0007788-685606781064-UPI,0000685606781064,07/07/2024,CR,Transfer,UPI,,599.95,260222.86,SUCCESS
TXN00099,08/07/2024,2024-07-08,UPI-DMART AVENUE SUPERMA-DMARTAVENUESUPERMART@HDFCBANK-HDFC0MERUPI-476443331852-UPI,0000476443331852,08/07/2024,CR,Grocery,UPI,,4969.52,265192.38,SUCCESS
TXN00100,09/07/2024,2024-07-09,UPI-PRIYA SHARMA-PRIYASHARMA92@OKICICI-ICIC0000123-572899688547-UPI,0000572899688547,09/07/2024,CR,Transfer,UPI,,5006.5,270198.88,SUCCESS
TXN00101,10/07/2024,2024-07-10,UPI-SNEHA KULKARNI-SNEHAK2000@OKSBI-SBIN0007788-270541592056-UPI,0000270541592056,10/07/2024,DR,Transfer,UPI,2451.37,,267747.51,SUCCESS
TXN00102,11/07/2024,2024-07-11,UPI-BYJU LEARNING-BYJUS.FEE@HDFC-HDFC0BYJUPI-578737987515-UPI,0000578737987515,11/07/2024,DR,Education,UPI,181.48,,267566.03,SUCCESS
TXN00103,12/07/2024,2024-07-12,UPI-ANAND KUMAR GUPTA-GUPTAANAND@OKHDFCBANK-HDFC0000102-368224152205-UPI,0000368224152205,12/07/2024,DR,Transfer,UPI,316.86,,267249.17,SUCCESS
TXN00104,13/07/2024,2024-07-13,UPI-FLIPKART INTERNET-FLIPKART@YESBANK-YESB0FLKUPI-298964420838-UPI,0000298964420838,13/07/2024,DR,Shopping,UPI,1521.02,,265728.15,SUCCESS
TXN00105,14/07/2024,2024-07-14,UPI-AIRTEL PAYMENT-AIRTEL.BILL@AXIS-UTIB0AIRTEL-110977038883-UPI,0000110977038883,14/07/2024,CR,Utility,UPI,,696.56,266424.71,SUCCESS
TXN00106,15/07/2024,2024-07-15,UPI-FLIPKART INTERNET-FLIPKART@YESBANK-YESB0FLKUPI-549769295925-UPI,0000549769295925,15/07/2024,DR,Shopping,UPI,1928.28,,264496.43,SUCCESS
TXN00107,16/07/2024,2024-07-16,UPI-DMART AVENUE SUPERMA-DMARTAVENUESUPERMART@HDFCBANK-HDFC0MERUPI-969508288813-UPI,0000969508288813,16/07/2024,DR,Grocery,UPI,2575.36,,261921.07,SUCCESS
TXN00108,17/07/2024,2024-07-17,UPI-PRIYA SHARMA-PRIYASHARMA92@OKICICI-ICIC0000123-738506846386-UPI,0000738506846386,17/07/2024,DR,Transfer,UPI,1776.51,,260144.56,SUCCESS
TXN00109,18/07/2024,2024-07-18,UPI-OLA CABS INDIA-OLACABS@HDFCBANK-HDFC0OLAUPI-870310160681-UPI,0000870310160681,18/07/2024,DR,Travel,UPI,148.16,,259996.4,SUCCESS
TXN00110,19/07/2024,2024-07-19,UPI-BYJU LEARNING-BYJUS.FEE@HDFC-HDFC0BYJUPI-230204286982-UPI,0000230204286982,19/07/2024,DR,Education,UPI,388.23,,259608.17,SUCCESS
TXN00111,20/07/2024,2024-07-20,UPI-NETFLIX ENTERTAIN-NETFLIX.IND@ICICI-ICIC0NFLX01-631453260232-UPI,0000631453260232,20/07/2024,CR,Entertainment,UPI,,5864.32,265472.49,SUCCESS
TXN00112,21/07/2024,2024-07-21,UPI-MSEB VIDYUT-MSEDCL.BILL@YBL-YESB0MSEBUP-755088327187-UPI,0000755088327187,21/07/2024,CR,Utility,UPI,,5029.24,270501.73,SUCCESS
TXN00113,22/07/2024,2024-07-22,UPI-PRIYA SHARMA-PRIYASHARMA92@OKICICI-ICIC0000123-350380472038-UPI,0000350380472038,22/07/2024,DR,Transfer,UPI,2102.41,,268399.32,SUCCESS
TXN00114,23/07/2024,2024-07-23,UPI-MSEB VIDYUT-MSEDCL.BILL@YBL-YESB0MSEBUP-705824576198-UPI,0000705824576198,23/07/2024,CR,Utility,UPI,,932.42,269331.74,SUCCESS
TXN00115,24/07/2024,2024-07-24,UPI-FLIPKART INTERNET-FLIPKART@YESBANK-YESB0FLKUPI-928363733258-UPI,0000928363733258,24/07/2024,DR,Shopping,UPI,1353.02,,267978.72,SUCCESS
TXN00116,25/07/2024,2024-07-25,UPI-IRCTC UPI-IRCTC@SBI-SBIN0IRCTC1-475553953855-UPI,0000475553953855,25/07/2024,CR,Travel,UPI,,1664.37,269643.09,SUCCESS
TXN00117,26/07/2024,2024-07-26,UPI-AMAZON PAY INDIA-AMAZONPAY@APL-AXIS0000002-627687082060-UPI,0000627687082060,26/07/2024,CR,Shopping,UPI,,2524.1,272167.19,SUCCESS
TXN00118,27/07/2024,2024-07-27,UPI-INDIGO AIRLINES-INDIGOAIR@HDFC-HDFC0INDIGO-731678373015-UPI,0000731678373015,27/07/2024,CR,Travel,UPI,,1080.02,273247.21,SUCCESS
TXN00119,28/07/2024,2024-07-28,UPI-MSEB VIDYUT-MSEDCL.BILL@YBL-YESB0MSEBUP-721959119309-UPI,0000721959119309,28/07/2024,DR,Utility,UPI,2174.22,,271072.99,SUCCESS
TXN00120,29/07/2024,2024-07-29,UPI-BOOK MY SHOW-BOOKMYSHOW@YBL-YESB0BMSUP1-755439143467-UPI,0000755439143467,29/07/2024,DR,Entertainment,UPI,1851.54,,269221.45,SUCCESS
TXN00121,30/07/2024,2024-07-30,UPI-LIC PREMIUM-LICPREMIUM@SBI-SBIN0LICUPI-436849259207-UPI,0000436849259207,30/07/2024,DR,Insurance,UPI,316.53,,268904.92,SUCCESS
TXN00122,31/07/2024,2024-07-31,UPI-NETFLIX ENTERTAIN-NETFLIX.IND@ICICI-ICIC0NFLX01-334614800586-UPI,0000334614800586,31/07/2024,CR,Entertainment,UPI,,1110.93,270015.85,SUCCESS
TXN00123,01/08/2024,2024-08-01,UPI-MSEB VIDYUT-MSEDCL.BILL@YBL-YESB0MSEBUP-968296026728-UPI,0000968296026728,01/08/2024,DR,Utility,UPI,3263.58,,266752.27,SUCCESS
TXN00124,02/08/2024,2024-08-02,NEFT-SALARY CREDIT-EMPLOYER PAYROLL-611635203107,0000611635203107,02/08/2024,CR,Salary,NEFT,,52132.07,318884.34,SUCCESS
TXN00125,03/08/2024,2024-08-03,UPI-NETFLIX ENTERTAIN-NETFLIX.IND@ICICI-ICIC0NFLX01-545386964769-UPI,0000545386964769,03/08/2024,DR,Entertainment,UPI,262.08,,318622.26,SUCCESS
TXN00126,04/08/2024,2024-08-04,UPI-BOOK MY SHOW-BOOKMYSHOW@YBL-YESB0BMSUP1-576266444796-UPI,0000576266444796,04/08/2024,DR,Rent,UPI,17671.0,,300951.26,SUCCESS
TXN00127,05/08/2024,2024-08-05,UPI-SWIGGY INDIA-SWIGGYSTORES@ICICI-ICIC0DC0099-126845125742-UPI,0000126845125742,05/08/2024,DR,Food,UPI,346.92,,300604.34,SUCCESS
TXN00128,06/08/2024,2024-08-06,UPI-MYNTRA DESIGNS-MYNTRA@ICICI-ICIC0MYNUPI-941811753545-UPI,0000941811753545,06/08/2024,CR,Shopping,UPI,,3542.23,304146.57,SUCCESS
TXN00129,07/08/2024,2024-08-07,UPI-IRCTC UPI-IRCTC@SBI-SBIN0IRCTC1-932206216332-UPI,0000932206216332,07/08/2024,DR,Travel,UPI,336.21,,303810.36,SUCCESS
TXN00130,08/08/2024,2024-08-08,UPI-SNEHA KULKARNI-SNEHAK2000@OKSBI-SBIN0007788-744231975324-UPI,0000744231975324,08/08/2024,CR,Transfer,UPI,,3052.01,306862.37,SUCCESS
TXN00131,09/08/2024,2024-08-09,UPI-PRIYA SHARMA-PRIYASHARMA92@OKICICI-ICIC0000123-615787958669-UPI,0000615787958669,09/08/2024,DR,Transfer,UPI,180.9,,306681.47,SUCCESS
TXN00132,10/08/2024,2024-08-10,UPI-PETROL PUMP HP-HPCL.PETROL@AXIS-UTIB0HPCUPI-552388062042-UPI,0000552388062042,10/08/2024,DR,Fuel,UPI,341.41,,306340.06,SUCCESS
TXN00133,11/08/2024,2024-08-11,UPI-ROHAN MEHTA-ROHANM7@OKAXIS-UTIB0000456-196442742929-UPI,0000196442742929,11/08/2024,DR,Transfer,UPI,84.48,,306255.58,SUCCESS
TXN00134,12/08/2024,2024-08-12,UPI-SNEHA KULKARNI-SNEHAK2000@OKSBI-SBIN0007788-609136562669-UPI,0000609136562669,12/08/2024,DR,Transfer,UPI,2367.9,,303887.68,SUCCESS
TXN00135,13/08/2024,2024-08-13,UPI-ANAND KUMAR GUPTA-GUPTAANAND@OKHDFCBANK-HDFC0000102-588017414546-UPI,0000588017414546,13/08/2024,DR,Transfer,UPI,893.04,,302994.64,SUCCESS
TXN00136,14/08/2024,2024-08-14,UPI-AMAZON PAY INDIA-AMAZONPAY@APL-AXIS0000002-635574905748-UPI,0000635574905748,14/08/2024,DR,Shopping,UPI,326.11,,302668.53,SUCCESS
TXN00137,15/08/2024,2024-08-15,UPI-DMART AVENUE SUPERMA-DMARTAVENUESUPERMART@HDFCBANK-HDFC0MERUPI-706925050424-UPI,0000706925050424,15/08/2024,DR,Grocery,UPI,73.81,,302594.72,SUCCESS
TXN00138,16/08/2024,2024-08-16,UPI-RELIANCE JIO-JIO.BILLPAY@HDFCBANK-HDFC0JIOUPI-809174117091-UPI,0000809174117091,16/08/2024,DR,Utility,UPI,2026.62,,300568.1,SUCCESS
TXN00139,17/08/2024,2024-08-17,UPI-OLA CABS INDIA-OLACABS@HDFCBANK-HDFC0OLAUPI-368316140875-UPI,0000368316140875,17/08/2024,DR,Travel,UPI,210.29,,300357.81,SUCCESS
TXN00140,18/08/2024,2024-08-18,UPI-NETFLIX ENTERTAIN-NETFLIX.IND@ICICI-ICIC0NFLX01-176725411465-UPI,0000176725411465,18/08/2024,CR,Entertainment,UPI,,5155.59,305513.4,SUCCESS
TXN00141,19/08/2024,2024-08-19,UPI-NETFLIX ENTERTAIN-NETFLIX.IND@ICICI-ICIC0NFLX01-657434001695-UPI,0000657434001695,19/08/2024,CR,Entertainment,UPI,,1840.47,307353.87,SUCCESS
TXN00142,20/08/2024,2024-08-20,UPI-MYNTRA DESIGNS-MYNTRA@ICICI-ICIC0MYNUPI-738176038125-UPI,0000738176038125,20/08/2024,DR,Shopping,UPI,2115.74,,305238.13,SUCCESS
TXN00143,21/08/2024,2024-08-21,UPI-ANAND KUMAR GUPTA-GUPTAANAND@OKHDFCBANK-HDFC0000102-707018207466-UPI,0000707018207466,21/08/2024,DR,Transfer,UPI,244.01,,304994.12,SUCCESS
TXN00144,22/08/2024,2024-08-22,UPI-BIG BAZAAR RETAIL-BIGBAZAAR.MH01@HDFCBANK-HDFC0BBUPI1-868716573635-UPI,0000868716573635,22/08/2024,DR,Shopping,UPI,139.77,,304854.35,SUCCESS
TXN00145,23/08/2024,2024-08-23,UPI-FLIPKART INTERNET-FLIPKART@YESBANK-YESB0FLKUPI-917410343160-UPI,0000917410343160,23/08/2024,CR,Shopping,UPI,,4906.17,309760.52,SUCCESS
TXN00146,24/08/2024,2024-08-24,UPI-INDIGO AIRLINES-INDIGOAIR@HDFC-HDFC0INDIGO-970433915604-UPI,0000970433915604,24/08/2024,CR,Travel,UPI,,3072.91,312833.43,SUCCESS
TXN00147,25/08/2024,2024-08-25,UPI-AIRTEL PAYMENT-AIRTEL.BILL@AXIS-UTIB0AIRTEL-237597951504-UPI,0000237597951504,25/08/2024,CR,Utility,UPI,,2125.57,314959.0,SUCCESS
TXN00148,26/08/2024,2024-08-26,UPI-AMAZON PAY INDIA-AMAZONPAY@APL-AXIS0000002-584665753840-UPI,0000584665753840,26/08/2024,DR,Shopping,UPI,2667.33,,312291.67,SUCCESS
TXN00149,27/08/2024,2024-08-27,UPI-RELIANCE JIO-JIO.BILLPAY@HDFCBANK-HDFC0JIOUPI-821000167049-UPI,0000821000167049,27/08/2024,DR,Utility,UPI,1295.07,,310996.6,SUCCESS
TXN00150,28/08/2024,2024-08-28,UPI-ROHAN MEHTA-ROHANM7@OKAXIS-UTIB0000456-188690373106-UPI,0000188690373106,28/08/2024,CR,Transfer,UPI,,5184.18,316180.78,SUCCESS
TXN00151,29/08/2024,2024-08-29,UPI-PETROL PUMP HP-HPCL.PETROL@AXIS-UTIB0HPCUPI-788554816658-UPI,0000788554816658,29/08/2024,CR,Fuel,UPI,,3030.1,319210.88,SUCCESS
TXN00152,30/08/2024,2024-08-30,UPI-BOOK MY SHOW-BOOKMYSHOW@YBL-YESB0BMSUP1-140978351757-UPI,0000140978351757,30/08/2024,DR,Entertainment,UPI,326.65,,318884.23,SUCCESS
TXN00153,31/08/2024,2024-08-31,UPI-SNEHA KULKARNI-SNEHAK2000@OKSBI-SBIN0007788-201991584928-UPI,0000201991584928,31/08/2024,CR,Transfer,UPI,,4610.14,323494.37,SUCCESS
TXN00154,01/09/2024,2024-09-01,UPI-NETFLIX ENTERTAIN-NETFLIX.IND@ICICI-ICIC0NFLX01-802060293051-UPI,0000802060293051,01/09/2024,DR,Entertainment,UPI,3196.73,,320297.64,SUCCESS
TXN00155,02/09/2024,2024-09-02,NEFT-SALARY CREDIT-EMPLOYER PAYROLL-417403277612,0000417403277612,02/09/2024,CR,Salary,NEFT,,52065.67,372363.31,SUCCESS
TXN00156,03/09/2024,2024-09-03,UPI-OLA CABS INDIA-OLACABS@HDFCBANK-HDFC0OLAUPI-177987911475-UPI,0000177987911475,03/09/2024,CR,Travel,UPI,,5928.38,378291.69,SUCCESS
TXN00157,04/09/2024,2024-09-04,UPI-PETROL PUMP HP-HPCL.PETROL@AXIS-UTIB0HPCUPI-801364526954-UPI,0000801364526954,04/09/2024,DR,Rent,UPI,18981.0,,359310.69,SUCCESS
TXN00158,05/09/2024,2024-09-05,UPI-MSEB VIDYUT-MSEDCL.BILL@YBL-YESB0MSEBUP-599290370034-UPI,0000599290370034,05/09/2024,DR,Utility,UPI,210.81,,359099.88,SUCCESS
TXN00159,06/09/2024,2024-09-06,UPI-PRIYA SHARMA-PRIYASHARMA92@OKICICI-ICIC0000123-728703172393-UPI,0000728703172393,06/09/2024,DR,Transfer,UPI,1385.69,,357714.19,SUCCESS
TXN00160,07/09/2024,2024-09-07,UPI-LIC PREMIUM-LICPREMIUM@SBI-SBIN0LICUPI-109768818868-UPI,0000109768818868,07/09/2024,CR,Insurance,UPI,,4714.21,362428.4,SUCCESS
TXN00161,08/09/2024,2024-09-08,UPI-BOOK MY SHOW-BOOKMYSHOW@YBL-YESB0BMSUP1-155721199829-UPI,0000155721199829,08/09/2024,CR,Entertainment,UPI,,5030.47,367458.87,SUCCESS
TXN00162,09/09/2024,2024-09-09,UPI-ANAND KUMAR GUPTA-GUPTAANAND@OKHDFCBANK-HDFC0000102-417410688547-UPI,0000417410688547,09/09/2024,CR,Transfer,UPI,,3720.98,371179.85,SUCCESS
TXN00163,10/09/2024,2024-09-10,UPI-INDIGO AIRLINES-INDIGOAIR@HDFC-HDFC0INDIGO-342031375564-UPI,0000342031375564,10/09/2024,DR,Travel,UPI,147.79,,371032.06,SUCCESS
TXN00164,11/09/2024,2024-09-11,UPI-INDIGO AIRLINES-INDIGOAIR@HDFC-HDFC0INDIGO-205777520189-UPI,0000205777520189,11/09/2024,CR,Travel,UPI,,1991.81,373023.87,SUCCESS
TXN00165,12/09/2024,2024-09-12,UPI-LIC PREMIUM-LICPREMIUM@SBI-SBIN0LICUPI-136253059576-UPI,0000136253059576,12/09/2024,DR,Insurance,UPI,3228.88,,369794.99,SUCCESS
TXN00166,13/09/2024,2024-09-13,UPI-IRCTC UPI-IRCTC@SBI-SBIN0IRCTC1-558476939238-UPI,0000558476939238,13/09/2024,DR,Travel,UPI,3129.38,,366665.61,SUCCESS
TXN00167,14/09/2024,2024-09-14,UPI-NETFLIX ENTERTAIN-NETFLIX.IND@ICICI-ICIC0NFLX01-652035807486-UPI,0000652035807486,14/09/2024,CR,Entertainment,UPI,,1690.43,368356.04,SUCCESS
TXN00168,15/09/2024,2024-09-15,UPI-BYJU LEARNING-BYJUS.FEE@HDFC-HDFC0BYJUPI-425586388909-UPI,0000425586388909,15/09/2024,CR,Education,UPI,,4864.55,373220.59,SUCCESS
TXN00169,16/09/2024,2024-09-16,UPI-ANAND KUMAR GUPTA-GUPTAANAND@OKHDFCBANK-HDFC0000102-254942230953-UPI,0000254942230953,16/09/2024,CR,Transfer,UPI,,5188.82,378409.41,SUCCESS
TXN00170,17/09/2024,2024-09-17,UPI-PUSHKAR DHANPAL PATL-PUSHKARPATLE441@OKSBI-UBIN0559431-841844861994-UPI,0000841844861994,17/09/2024,CR,Rent,UPI,,4866.61,383276.02,SUCCESS
TXN00171,18/09/2024,2024-09-18,UPI-PUSHKAR DHANPAL PATL-PUSHKARPATLE441@OKSBI-UBIN0559431-200355239707-UPI,0000200355239707,18/09/2024,DR,Rent,UPI,1864.36,,381411.66,SUCCESS
TXN00172,19/09/2024,2024-09-19,UPI-INDIGO AIRLINES-INDIGOAIR@HDFC-HDFC0INDIGO-519122494202-UPI,0000519122494202,19/09/2024,CR,Travel,UPI,,828.41,382240.07,SUCCESS
TXN00173,20/09/2024,2024-09-20,UPI-DMART AVENUE SUPERMA-DMARTAVENUESUPERMART@HDFCBANK-HDFC0MERUPI-616400332958-UPI,0000616400332958,20/09/2024,DR,Grocery,UPI,473.29,,381766.78,SUCCESS
TXN00174,21/09/2024,2024-09-21,UPI-INDIGO AIRLINES-INDIGOAIR@HDFC-HDFC0INDIGO-171501122551-UPI,0000171501122551,21/09/2024,CR,Travel,UPI,,5474.45,387241.23,SUCCESS
TXN00175,22/09/2024,2024-09-22,UPI-SNEHA KULKARNI-SNEHAK2000@OKSBI-SBIN0007788-814262468039-UPI,0000814262468039,22/09/2024,DR,Transfer,UPI,611.64,,386629.59,SUCCESS
TXN00176,23/09/2024,2024-09-23,UPI-BIG BAZAAR RETAIL-BIGBAZAAR.MH01@HDFCBANK-HDFC0BBUPI1-203577948775-UPI,0000203577948775,23/09/2024,CR,Shopping,UPI,,986.85,387616.44,SUCCESS
TXN00177,24/09/2024,2024-09-24,UPI-MYNTRA DESIGNS-MYNTRA@ICICI-ICIC0MYNUPI-505675310918-UPI,0000505675310918,24/09/2024,CR,Shopping,UPI,,4239.61,391856.05,SUCCESS
TXN00178,25/09/2024,2024-09-25,UPI-LIC PREMIUM-LICPREMIUM@SBI-SBIN0LICUPI-561881609773-UPI,0000561881609773,25/09/2024,CR,Insurance,UPI,,1096.23,392952.28,SUCCESS
TXN00179,26/09/2024,2024-09-26,UPI-AMAZON PAY INDIA-AMAZONPAY@APL-AXIS0000002-819041453913-UPI,0000819041453913,26/09/2024,CR,Shopping,UPI,,3770.78,396723.06,SUCCESS
TXN00180,27/09/2024,2024-09-27,UPI-PETROL PUMP HP-HPCL.PETROL@AXIS-UTIB0HPCUPI-135561213146-UPI,0000135561213146,27/09/2024,DR,Fuel,UPI,3351.67,,393371.39,SUCCESS
TXN00181,28/09/2024,2024-09-28,UPI-MEDPLUS PHARMACY-MEDPLUS@ICICI-ICIC0MEDPLS-506671900140-UPI,0000506671900140,28/09/2024,CR,Health,UPI,,3940.0,397311.39,SUCCESS
TXN00182,29/09/2024,2024-09-29,UPI-NETFLIX ENTERTAIN-NETFLIX.IND@ICICI-ICIC0NFLX01-534051757557-UPI,0000534051757557,29/09/2024,DR,Entertainment,UPI,3044.1,,394267.29,SUCCESS
TXN00183,30/09/2024,2024-09-30,UPI-BHARAT PETROLEUM-BPCLPETRO.98765@YBL-YESB0BPCLUP-826243207371-UPI,0000826243207371,30/09/2024,CR,Fuel,UPI,,3663.45,397930.74,SUCCESS
TXN00184,01/10/2024,2024-10-01,UPI-BIG BAZAAR RETAIL-BIGBAZAAR.MH01@HDFCBANK-HDFC0BBUPI1-969122032652-UPI,0000969122032652,01/10/2024,DR,Shopping,UPI,37.42,,397893.32,SUCCESS
TXN00185,02/10/2024,2024-10-02,NEFT-SALARY CREDIT-EMPLOYER PAYROLL-562747155483,0000562747155483,02/10/2024,CR,Salary,NEFT,,51156.51,449049.83,SUCCESS
TXN00186,03/10/2024,2024-10-03,UPI-FLIPKART INTERNET-FLIPKART@YESBANK-YESB0FLKUPI-171922084729-UPI,0000171922084729,03/10/2024,DR,Shopping,UPI,2281.0,,446768.83,SUCCESS
TXN00187,04/10/2024,2024-10-04,UPI-ZOMATO LTD-ZOMATO-ONLINE@YBL-YESB0ZOMUPI-342682139286-UPI,0000342682139286,04/10/2024,DR,Rent,UPI,18886.0,,427882.83,SUCCESS
TXN00188,05/10/2024,2024-10-05,UPI-MYNTRA DESIGNS-MYNTRA@ICICI-ICIC0MYNUPI-962116944078-UPI,0000962116944078,05/10/2024,DR,Shopping,UPI,245.28,,427637.55,SUCCESS
TXN00189,07/10/2024,2024-10-07,UPI-PUSHKAR DHANPAL PATL-PUSHKARPATLE441@OKSBI-UBIN0559431-628274907582-UPI,0000628274907582,07/10/2024,DR,Rent,UPI,2637.2,,425000.35,SUCCESS
TXN00190,08/10/2024,2024-10-08,UPI-BOOK MY SHOW-BOOKMYSHOW@YBL-YESB0BMSUP1-452534310748-UPI,0000452534310748,08/10/2024,DR,Entertainment,UPI,2372.95,,422627.4,SUCCESS
TXN00191,09/10/2024,2024-10-09,UPI-MSEB VIDYUT-MSEDCL.BILL@YBL-YESB0MSEBUP-682386363435-UPI,0000682386363435,09/10/2024,DR,Utility,UPI,314.55,,422312.85,SUCCESS
TXN00192,10/10/2024,2024-10-10,UPI-INDIGO AIRLINES-INDIGOAIR@HDFC-HDFC0INDIGO-820922255341-UPI,0000820922255341,10/10/2024,CR,Travel,UPI,,3397.74,425710.59,SUCCESS
TXN00193,11/10/2024,2024-10-11,UPI-SNEHA KULKARNI-SNEHAK2000@OKSBI-SBIN0007788-339940462494-UPI,0000339940462494,11/10/2024,DR,Transfer,UPI,1516.79,,424193.8,SUCCESS
TXN00194,12/10/2024,2024-10-12,UPI-BYJU LEARNING-BYJUS.FEE@HDFC-HDFC0BYJUPI-556979066473-UPI,0000556979066473,12/10/2024,DR,Education,UPI,2495.32,,421698.48,SUCCESS
TXN00195,13/10/2024,2024-10-13,UPI-MYNTRA DESIGNS-MYNTRA@ICICI-ICIC0MYNUPI-271599373228-UPI,0000271599373228,13/10/2024,CR,Shopping,UPI,,589.37,422287.85,SUCCESS
TXN00196,14/10/2024,2024-10-14,UPI-SWIGGY INDIA-SWIGGYSTORES@ICICI-ICIC0DC0099-193766746282-UPI,0000193766746282,14/10/2024,DR,Food,UPI,379.96,,421907.89,SUCCESS
TXN00197,15/10/2024,2024-10-15,UPI-LIC PREMIUM-LICPREMIUM@SBI-SBIN0LICUPI-166814103555-UPI,0000166814103555,15/10/2024,CR,Insurance,UPI,,3457.76,425365.65,SUCCESS
TXN00198,16/10/2024,2024-10-16,UPI-SNEHA KULKARNI-SNEHAK2000@OKSBI-SBIN0007788-236021671257-UPI,0000236021671257,16/10/2024,DR,Transfer,UPI,342.71,,425022.94,SUCCESS
TXN00199,17/10/2024,2024-10-17,UPI-BOOK MY SHOW-BOOKMYSHOW@YBL-YESB0BMSUP1-417691853029-UPI,0000417691853029,17/10/2024,DR,Entertainment,UPI,78.69,,424944.25,SUCCESS
TXN00200,18/10/2024,2024-10-18,UPI-BIG BAZAAR RETAIL-BIGBAZAAR.MH01@HDFCBANK-HDFC0BBUPI1-631101638339-UPI,0000631101638339,18/10/2024,CR,Shopping,UPI,,2230.66,427174.91,SUCCESS
TXN00201,19/10/2024,2024-10-19,UPI-AMAZON PAY INDIA-AMAZONPAY@APL-AXIS0000002-506116067841-UPI,0000506116067841,19/10/2024,CR,Shopping,UPI,,3529.78,430704.69,SUCCESS
TXN00202,20/10/2024,2024-10-20,UPI-MEDPLUS PHARMACY-MEDPLUS@ICICI-ICIC0MEDPLS-571618424652-UPI,0000571618424652,20/10/2024,CR,Health,UPI,,4946.88,435651.57,SUCCESS
TXN00203,21/10/2024,2024-10-21,UPI-INDIGO AIRLINES-INDIGOAIR@HDFC-HDFC0INDIGO-841369652067-UPI,0000841369652067,21/10/2024,DR,Travel,UPI,2473.49,,433178.08,SUCCESS
TXN00204,22/10/2024,2024-10-22,UPI-NETFLIX ENTERTAIN-NETFLIX.IND@ICICI-ICIC0NFLX01-297692848598-UPI,0000297692848598,22/10/2024,CR,Entertainment,UPI,,1992.11,435170.19,SUCCESS
TXN00205,23/10/2024,2024-10-23,UPI-DMART AVENUE SUPERMA-DMARTAVENUESUPERMART@HDFCBANK-HDFC0MERUPI-483711625145-UPI,0000483711625145,23/10/2024,DR,Grocery,UPI,97.33,,435072.86,SUCCESS
TXN00206,24/10/2024,2024-10-24,UPI-INDIGO AIRLINES-INDIGOAIR@HDFC-HDFC0INDIGO-912358165924-UPI,0000912358165924,24/10/2024,CR,Travel,UPI,,732.19,435805.05,SUCCESS
TXN00207,25/10/2024,2024-10-25,UPI-PUSHKAR DHANPAL PATL-PUSHKARPATLE441@OKSBI-UBIN0559431-338501607073-UPI,0000338501607073,25/10/2024,DR,Rent,UPI,1610.16,,434194.89,SUCCESS
TXN00208,26/10/2024,2024-10-26,UPI-SWIGGY INDIA-SWIGGYSTORES@ICICI-ICIC0DC0099-755272824750-UPI,0000755272824750,26/10/2024,CR,Food,UPI,,1102.36,435297.25,SUCCESS
TXN00209,27/10/2024,2024-10-27,UPI-ZOMATO LTD-ZOMATO-ONLINE@YBL-YESB0ZOMUPI-781845110195-UPI,0000781845110195,27/10/2024,CR,Food,UPI,,1778.2,437075.45,SUCCESS
TXN00210,28/10/2024,2024-10-28,UPI-FLIPKART INTERNET-FLIPKART@YESBANK-YESB0FLKUPI-566699473017-UPI,0000566699473017,28/10/2024,DR,Shopping,UPI,224.67,,436850.78,SUCCESS
TXN00211,29/10/2024,2024-10-29,UPI-AMAZON PAY INDIA-AMAZONPAY@APL-AXIS0000002-573928908678-UPI,0000573928908678,29/10/2024,DR,Shopping,UPI,1959.9,,434890.88,SUCCESS
TXN00212,30/10/2024,2024-10-30,UPI-PUSHKAR DHANPAL PATL-PUSHKARPATLE441@OKSBI-UBIN0559431-340713234664-UPI,0000340713234664,30/10/2024,CR,Rent,UPI,,517.74,435408.62,SUCCESS
TXN00213,31/10/2024,2024-10-31,UPI-BHARAT PETROLEUM-BPCLPETRO.98765@YBL-YESB0BPCLUP-431590472439-UPI,0000431590472439,31/10/2024,CR,Fuel,UPI,,4632.13,440040.75,SUCCESS
TXN00214,01/11/2024,2024-11-01,UPI-PUSHKAR DHANPAL PATL-PUSHKARPATLE441@OKSBI-UBIN0559431-225797509938-UPI,0000225797509938,01/11/2024,DR,Rent,UPI,2903.97,,437136.78,SUCCESS
TXN00215,02/11/2024,2024-11-02,NEFT-SALARY CREDIT-EMPLOYER PAYROLL-859487768166,0000859487768166,02/11/2024,CR,Salary,NEFT,,53518.62,490655.4,SUCCESS
TXN00216,03/11/2024,2024-11-03,UPI-AMAZON PAY INDIA-AMAZONPAY@APL-AXIS0000002-577119884818-UPI,0000577119884818,03/11/2024,DR,Shopping,UPI,2071.89,,488583.51,SUCCESS
TXN00217,04/11/2024,2024-11-04,UPI-BIG BAZAAR RETAIL-BIGBAZAAR.MH01@HDFCBANK-HDFC0BBUPI1-443041290279-UPI,0000443041290279,04/11/2024,DR,Rent,UPI,17736.0,,470847.51,SUCCESS
TXN00218,05/11/2024,2024-11-05,UPI-IRCTC UPI-IRCTC@SBI-SBIN0IRCTC1-956129010748-UPI,0000956129010748,05/11/2024,DR,Travel,UPI,327.62,,470519.89,SUCCESS
TXN00219,06/11/2024,2024-11-06,UPI-PRIYA SHARMA-PRIYASHARMA92@OKICICI-ICIC0000123-954294433114-UPI,0000954294433114,06/11/2024,DR,Transfer,UPI,480.36,,470039.53,SUCCESS
TXN00220,07/11/2024,2024-11-07,UPI-RELIANCE JIO-JIO.BILLPAY@HDFCBANK-HDFC0JIOUPI-212683916677-UPI,0000212683916677,07/11/2024,DR,Utility,UPI,111.54,,469927.99,SUCCESS
TXN00221,08/11/2024,2024-11-08,UPI-FLIPKART INTERNET-FLIPKART@YESBANK-YESB0FLKUPI-790514124625-UPI,0000790514124625,08/11/2024,DR,Shopping,UPI,2238.4,,467689.59,SUCCESS
TXN00222,09/11/2024,2024-11-09,UPI-RELIANCE JIO-JIO.BILLPAY@HDFCBANK-HDFC0JIOUPI-446291261920-UPI,0000446291261920,09/11/2024,DR,Utility,UPI,2394.16,,465295.43,SUCCESS
TXN00223,10/11/2024,2024-11-10,UPI-PRIYA SHARMA-PRIYASHARMA92@OKICICI-ICIC0000123-162669670656-UPI,0000162669670656,10/11/2024,DR,Transfer,UPI,175.89,,465119.54,SUCCESS
TXN00224,11/11/2024,2024-11-11,UPI-INDIGO AIRLINES-INDIGOAIR@HDFC-HDFC0INDIGO-182837365101-UPI,0000182837365101,11/11/2024,CR,Travel,UPI,,5160.7,470280.24,SUCCESS
TXN00225,12/11/2024,2024-11-12,UPI-AIRTEL PAYMENT-AIRTEL.BILL@AXIS-UTIB0AIRTEL-755476469892-UPI,0000755476469892,12/11/2024,DR,Utility,UPI,302.75,,469977.49,SUCCESS
TXN00226,13/11/2024,2024-11-13,UPI-INDIGO AIRLINES-INDIGOAIR@HDFC-HDFC0INDIGO-730543358089-UPI,0000730543358089,13/11/2024,DR,Travel,UPI,314.35,,469663.14,SUCCESS
TXN00227,14/11/2024,2024-11-14,UPI-ROHAN MEHTA-ROHANM7@OKAXIS-UTIB0000456-213604131741-UPI,0000213604131741,14/11/2024,CR,Transfer,UPI,,689.11,470352.25,SUCCESS
TXN00228,15/11/2024,2024-11-15,UPI-ZOMATO LTD-ZOMATO-ONLINE@YBL-YESB0ZOMUPI-291753655750-UPI,0000291753655750,15/11/2024,DR,Food,UPI,235.75,,470116.5,SUCCESS
TXN00229,16/11/2024,2024-11-16,UPI-MSEB VIDYUT-MSEDCL.BILL@YBL-YESB0MSEBUP-509584822948-UPI,0000509584822948,16/11/2024,DR,Utility,UPI,394.0,,469722.5,SUCCESS
TXN00230,17/11/2024,2024-11-17,UPI-INDIGO AIRLINES-INDIGOAIR@HDFC-HDFC0INDIGO-794879438508-UPI,0000794879438508,17/11/2024,DR,Travel,UPI,2173.89,,467548.61,SUCCESS
TXN00231,18/11/2024,2024-11-18,UPI-BYJU LEARNING-BYJUS.FEE@HDFC-HDFC0BYJUPI-376098308926-UPI,0000376098308926,18/11/2024,CR,Education,UPI,,5793.58,473342.19,SUCCESS
TXN00232,19/11/2024,2024-11-19,UPI-SWIGGY INDIA-SWIGGYSTORES@ICICI-ICIC0DC0099-465718068686-UPI,0000465718068686,19/11/2024,DR,Food,UPI,1549.46,,471792.73,SUCCESS
TXN00233,20/11/2024,2024-11-20,UPI-PETROL PUMP HP-HPCL.PETROL@AXIS-UTIB0HPCUPI-753388872137-UPI,0000753388872137,20/11/2024,CR,Fuel,UPI,,1995.57,473788.3,SUCCESS
TXN00234,21/11/2024,2024-11-21,UPI-ROHAN MEHTA-ROHANM7@OKAXIS-UTIB0000456-805992461852-UPI,0000805992461852,21/11/2024,CR,Transfer,UPI,,4086.68,477874.98,SUCCESS
TXN00235,22/11/2024,2024-11-22,UPI-INDIGO AIRLINES-INDIGOAIR@HDFC-HDFC0INDIGO-201045089995-UPI,0000201045089995,22/11/2024,CR,Travel,UPI,,3149.23,481024.21,SUCCESS
TXN00236,23/11/2024,2024-11-23,UPI-MSEB VIDYUT-MSEDCL.BILL@YBL-YESB0MSEBUP-495215290807-UPI,0000495215290807,23/11/2024,DR,Utility,UPI,3343.0,,477681.21,SUCCESS
TXN00237,24/11/2024,2024-11-24,UPI-RELIANCE JIO-JIO.BILLPAY@HDFCBANK-HDFC0JIOUPI-345637792072-UPI,0000345637792072,24/11/2024,DR,Utility,UPI,169.02,,477512.19,SUCCESS
TXN00238,25/11/2024,2024-11-25,UPI-ANAND KUMAR GUPTA-GUPTAANAND@OKHDFCBANK-HDFC0000102-472210151899-UPI,0000472210151899,25/11/2024,DR,Transfer,UPI,310.71,,477201.48,SUCCESS
TXN00239,26/11/2024,2024-11-26,UPI-ANAND KUMAR GUPTA-GUPTAANAND@OKHDFCBANK-HDFC0000102-863779811221-UPI,0000863779811221,26/11/2024,DR,Transfer,UPI,454.25,,476747.23,SUCCESS
TXN00240,27/11/2024,2024-11-27,UPI-MYNTRA DESIGNS-MYNTRA@ICICI-ICIC0MYNUPI-501196582838-UPI,0000501196582838,27/11/2024,CR,Shopping,UPI,,5823.61,482570.84,SUCCESS
TXN00241,28/11/2024,2024-11-28,UPI-ANAND KUMAR GUPTA-GUPTAANAND@OKHDFCBANK-HDFC0000102-411860132678-UPI,0000411860132678,28/11/2024,CR,Transfer,UPI,,2803.78,485374.62,SUCCESS
TXN00242,29/11/2024,2024-11-29,UPI-MSEB VIDYUT-MSEDCL.BILL@YBL-YESB0MSEBUP-364286565492-UPI,0000364286565492,29/11/2024,CR,Utility,UPI,,4749.35,490123.97,SUCCESS
TXN00243,30/11/2024,2024-11-30,UPI-MYNTRA DESIGNS-MYNTRA@ICICI-ICIC0MYNUPI-504560218966-UPI,0000504560218966,30/11/2024,CR,Shopping,UPI,,5909.75,496033.72,SUCCESS
TXN00244,01/12/2024,2024-12-01,UPI-DMART AVENUE SUPERMA-DMARTAVENUESUPERMART@HDFCBANK-HDFC0MERUPI-486051545285-UPI,0000486051545285,01/12/2024,DR,Grocery,UPI,1621.88,,494411.84,SUCCESS
TXN00245,02/12/2024,2024-12-02,NEFT-SALARY CREDIT-EMPLOYER PAYROLL-190170799779,0000190170799779,02/12/2024,CR,Salary,NEFT,,50249.48,544661.32,SUCCESS
TXN00246,03/12/2024,2024-12-03,UPI-AMAZON PAY INDIA-AMAZONPAY@APL-AXIS0000002-448013415558-UPI,0000448013415558,03/12/2024,CR,Shopping,UPI,,3969.77,548631.09,SUCCESS
TXN00247,04/12/2024,2024-12-04,UPI-MSEB VIDYUT-MSEDCL.BILL@YBL-YESB0MSEBUP-262312743925-UPI,0000262312743925,04/12/2024,DR,Rent,UPI,14233.0,,534398.09,SUCCESS
TXN00248,05/12/2024,2024-12-05,UPI-RELIANCE JIO-JIO.BILLPAY@HDFCBANK-HDFC0JIOUPI-866533357163-UPI,0000866533357163,05/12/2024,CR,Utility,UPI,,2920.84,537318.93,SUCCESS
TXN00249,06/12/2024,2024-12-06,UPI-SWIGGY INDIA-SWIGGYSTORES@ICICI-ICIC0DC0099-106937867936-UPI,0000106937867936,06/12/2024,DR,Food,UPI,948.56,,536370.37,SUCCESS
TXN00250,07/12/2024,2024-12-07,UPI-MSEB VIDYUT-MSEDCL.BILL@YBL-YESB0MSEBUP-950881068534-UPI,0000950881068534,07/12/2024,DR,Utility,UPI,1215.32,,535155.05,SUCCESS
TXN00251,08/12/2024,2024-12-08,UPI-FLIPKART INTERNET-FLIPKART@YESBANK-YESB0FLKUPI-220528838961-UPI,0000220528838961,08/12/2024,DR,Shopping,UPI,37.72,,535117.33,SUCCESS
TXN00252,09/12/2024,2024-12-09,UPI-MSEB VIDYUT-MSEDCL.BILL@YBL-YESB0MSEBUP-257704947058-UPI,0000257704947058,09/12/2024,DR,Utility,UPI,1221.69,,533895.64,SUCCESS
TXN00253,10/12/2024,2024-12-10,UPI-MYNTRA DESIGNS-MYNTRA@ICICI-ICIC0MYNUPI-830948947428-UPI,0000830948947428,10/12/2024,DR,Shopping,UPI,488.09,,533407.55,SUCCESS
TXN00254,11/12/2024,2024-12-11,UPI-INDIGO AIRLINES-INDIGOAIR@HDFC-HDFC0INDIGO-149263855056-UPI,0000149263855056,11/12/2024,DR,Travel,UPI,2741.95,,530665.6,SUCCESS
TXN00255,12/12/2024,2024-12-12,UPI-PRIYA SHARMA-PRIYASHARMA92@OKICICI-ICIC0000123-176401111736-UPI,0000176401111736,12/12/2024,DR,Transfer,UPI,810.99,,529854.61,SUCCESS
TXN00256,13/12/2024,2024-12-13,UPI-PRIYA SHARMA-PRIYASHARMA92@OKICICI-ICIC0000123-147817630111-UPI,0000147817630111,13/12/2024,DR,Transfer,UPI,1025.27,,528829.34,SUCCESS
TXN00257,14/12/2024,2024-12-14,UPI-FLIPKART INTERNET-FLIPKART@YESBANK-YESB0FLKUPI-868716765015-UPI,0000868716765015,14/12/2024,CR,Shopping,UPI,,4906.69,533736.03,SUCCESS
TXN00258,15/12/2024,2024-12-15,UPI-ANAND KUMAR GUPTA-GUPTAANAND@OKHDFCBANK-HDFC0000102-886250029907-UPI,0000886250029907,15/12/2024,CR,Transfer,UPI,,414.51,534150.54,SUCCESS
TXN00259,16/12/2024,2024-12-16,UPI-BHARAT PETROLEUM-BPCLPETRO.98765@YBL-YESB0BPCLUP-148110466984-UPI,0000148110466984,16/12/2024,CR,Fuel,UPI,,2030.46,536181.0,SUCCESS
TXN00260,17/12/2024,2024-12-17,UPI-PUSHKAR DHANPAL PATL-PUSHKARPATLE441@OKSBI-UBIN0559431-663972481559-UPI,0000663972481559,17/12/2024,CR,Rent,UPI,,3349.58,539530.58,SUCCESS
TXN00261,18/12/2024,2024-12-18,UPI-ANAND KUMAR GUPTA-GUPTAANAND@OKHDFCBANK-HDFC0000102-139742680014-UPI,0000139742680014,18/12/2024,CR,Transfer,UPI,,1859.44,541390.02,SUCCESS
TXN00262,19/12/2024,2024-12-19,UPI-ZOMATO LTD-ZOMATO-ONLINE@YBL-YESB0ZOMUPI-958401348691-UPI,0000958401348691,19/12/2024,CR,Food,UPI,,2125.16,543515.18,SUCCESS
TXN00263,20/12/2024,2024-12-20,UPI-PRIYA SHARMA-PRIYASHARMA92@OKICICI-ICIC0000123-976707944458-UPI,0000976707944458,20/12/2024,DR,Transfer,UPI,1819.21,,541695.97,SUCCESS
TXN00264,21/12/2024,2024-12-21,UPI-PETROL PUMP HP-HPCL.PETROL@AXIS-UTIB0HPCUPI-646263220416-UPI,0000646263220416,21/12/2024,DR,Fuel,UPI,464.43,,541231.54,SUCCESS
TXN00265,22/12/2024,2024-12-22,UPI-SWIGGY INDIA-SWIGGYSTORES@ICICI-ICIC0DC0099-566979258469-UPI,0000566979258469,22/12/2024,DR,Food,UPI,1041.37,,540190.17,SUCCESS
TXN00266,23/12/2024,2024-12-23,UPI-SWIGGY INDIA-SWIGGYSTORES@ICICI-ICIC0DC0099-213048742291-UPI,0000213048742291,23/12/2024,DR,Food,UPI,1837.75,,538352.42,SUCCESS
TXN00267,24/12/2024,2024-12-24,UPI-OLA CABS INDIA-OLACABS@HDFCBANK-HDFC0OLAUPI-856629977923-UPI,0000856629977923,24/12/2024,DR,Travel,UPI,3110.11,,535242.31,SUCCESS
TXN00268,25/12/2024,2024-12-25,UPI-INDIGO AIRLINES-INDIGOAIR@HDFC-HDFC0INDIGO-402515765955-UPI,0000402515765955,25/12/2024,CR,Travel,UPI,,5697.85,540940.16,SUCCESS
TXN00269,26/12/2024,2024-12-26,UPI-INDIGO AIRLINES-INDIGOAIR@HDFC-HDFC0INDIGO-834761706971-UPI,0000834761706971,26/12/2024,DR,Travel,UPI,271.15,,540669.01,SUCCESS
TXN00270,27/12/2024,2024-12-27,UPI-RELIANCE JIO-JIO.BILLPAY@HDFCBANK-HDFC0JIOUPI-134156970372-UPI,0000134156970372,27/12/2024,CR,Utility,UPI,,4132.92,544801.93,SUCCESS
TXN00271,28/12/2024,2024-12-28,UPI-RELIANCE JIO-JIO.BILLPAY@HDFCBANK-HDFC0JIOUPI-136241676321-UPI,0000136241676321,28/12/2024,DR,Utility,UPI,1598.99,,543202.94,SUCCESS
TXN00272,29/12/2024,2024-12-29,UPI-ZOMATO LTD-ZOMATO-ONLINE@YBL-YESB0ZOMUPI-726848188124-UPI,0000726848188124,29/12/2024,DR,Food,UPI,3346.47,,539856.47,SUCCESS
TXN00273,30/12/2024,2024-12-30,UPI-SWIGGY INDIA-SWIGGYSTORES@ICICI-ICIC0DC0099-939425327436-UPI,0000939425327436,30/12/2024,DR,Food,UPI,1694.1,,538162.37,SUCCESS
TXN00274,31/12/2024,2024-12-31,UPI-BYJU LEARNING-BYJUS.FEE@HDFC-HDFC0BYJUPI-126257061879-UPI,0000126257061879,31/12/2024,DR,Education,UPI,273.34,,537889.03,SUCCESS
TXN00275,01/01/2025,2025-01-01,UPI-RELIANCE JIO-JIO.BILLPAY@HDFCBANK-HDFC0JIOUPI-323274444183-UPI,0000323274444183,01/01/2025,DR,Utility,UPI,1582.69,,536306.34,SUCCESS
TXN00276,02/01/2025,2025-01-02,NEFT-SALARY CREDIT-EMPLOYER PAYROLL-982475788471,0000982475788471,02/01/2025,CR,Salary,NEFT,,53898.07,590204.41,SUCCESS
TXN00277,03/01/2025,2025-01-03,UPI-SWIGGY INDIA-SWIGGYSTORES@ICICI-ICIC0DC0099-770572261344-UPI,0000770572261344,03/01/2025,DR,Food,UPI,2650.8,,587553.61,SUCCESS
TXN00278,04/01/2025,2025-01-04,UPI-LIC PREMIUM-LICPREMIUM@SBI-SBIN0LICUPI-553229411741-UPI,0000553229411741,04/01/2025,DR,Rent,UPI,17870.0,,569683.61,SUCCESS
TXN00279,05/01/2025,2025-01-05,UPI-ROHAN MEHTA-ROHANM7@OKAXIS-UTIB0000456-237755710374-UPI,0000237755710374,05/01/2025,CR,Transfer,UPI,,2809.85,572493.46,SUCCESS
TXN00280,06/01/2025,2025-01-06,UPI-PRIYA SHARMA-PRIYASHARMA92@OKICICI-ICIC0000123-669856728937-UPI,0000669856728937,06/01/2025,DR,Transfer,UPI,419.66,,572073.8,SUCCESS
TXN00281,07/01/2025,2025-01-07,UPI-AIRTEL PAYMENT-AIRTEL.BILL@AXIS-UTIB0AIRTEL-573000594905-UPI,0000573000594905,07/01/2025,CR,Utility,UPI,,521.39,572595.19,SUCCESS
TXN00282,08/01/2025,2025-01-08,UPI-RELIANCE JIO-JIO.BILLPAY@HDFCBANK-HDFC0JIOUPI-667468951032-UPI,0000667468951032,08/01/2025,DR,Utility,UPI,106.12,,572489.07,SUCCESS
TXN00283,09/01/2025,2025-01-09,UPI-MSEB VIDYUT-MSEDCL.BILL@YBL-YESB0MSEBUP-670976835204-UPI,0000670976835204,09/01/2025,CR,Utility,UPI,,1653.51,574142.58,SUCCESS
TXN00284,10/01/2025,2025-01-10,UPI-RELIANCE JIO-JIO.BILLPAY@HDFCBANK-HDFC0JIOUPI-403013556602-UPI,0000403013556602,10/01/2025,DR,Utility,UPI,318.78,,573823.8,SUCCESS
TXN00285,11/01/2025,2025-01-11,UPI-IRCTC UPI-IRCTC@SBI-SBIN0IRCTC1-269997582302-UPI,0000269997582302,11/01/2025,CR,Travel,UPI,,4379.67,578203.47,SUCCESS
TXN00286,12/01/2025,2025-01-12,UPI-LIC PREMIUM-LICPREMIUM@SBI-SBIN0LICUPI-471966239279-UPI,0000471966239279,12/01/2025,DR,Insurance,UPI,743.67,,577459.8,SUCCESS
TXN00287,13/01/2025,2025-01-13,UPI-ANAND KUMAR GUPTA-GUPTAANAND@OKHDFCBANK-HDFC0000102-330429848664-UPI,0000330429848664,13/01/2025,DR,Transfer,UPI,590.86,,576868.94,SUCCESS
TXN00288,14/01/2025,2025-01-14,UPI-BIG BAZAAR RETAIL-BIGBAZAAR.MH01@HDFCBANK-HDFC0BBUPI1-629578461757-UPI,0000629578461757,14/01/2025,CR,Shopping,UPI,,4172.95,581041.89,SUCCESS
TXN00289,15/01/2025,2025-01-15,UPI-SWIGGY INDIA-SWIGGYSTORES@ICICI-ICIC0DC0099-599493675091-UPI,0000599493675091,15/01/2025,CR,Food,UPI,,1116.87,582158.76,SUCCESS
TXN00290,16/01/2025,2025-01-16,UPI-OLA CABS INDIA-OLACABS@HDFCBANK-HDFC0OLAUPI-630066059214-UPI,0000630066059214,16/01/2025,DR,Travel,UPI,1437.75,,580721.01,SUCCESS
TXN00291,17/01/2025,2025-01-17,UPI-PUSHKAR DHANPAL PATL-PUSHKARPATLE441@OKSBI-UBIN0559431-481654132689-UPI,0000481654132689,17/01/2025,DR,Rent,UPI,2184.95,,578536.06,SUCCESS
TXN00292,18/01/2025,2025-01-18,UPI-AMAZON PAY INDIA-AMAZONPAY@APL-AXIS0000002-612139364441-UPI,0000612139364441,18/01/2025,DR,Shopping,UPI,790.43,,577745.63,SUCCESS
TXN00293,19/01/2025,2025-01-19,UPI-BOOK MY SHOW-BOOKMYSHOW@YBL-YESB0BMSUP1-524967192201-UPI,0000524967192201,19/01/2025,DR,Entertainment,UPI,3206.93,,574538.7,SUCCESS
TXN00294,20/01/2025,2025-01-20,UPI-BYJU LEARNING-BYJUS.FEE@HDFC-HDFC0BYJUPI-735370624829-UPI,0000735370624829,20/01/2025,DR,Education,UPI,1994.8,,572543.9,SUCCESS
TXN00295,21/01/2025,2025-01-21,UPI-DMART AVENUE SUPERMA-DMARTAVENUESUPERMART@HDFCBANK-HDFC0MERUPI-646786017864-UPI,0000646786017864,21/01/2025,DR,Grocery,UPI,214.82,,572329.08,SUCCESS
TXN00296,22/01/2025,2025-01-22,UPI-PRIYA SHARMA-PRIYASHARMA92@OKICICI-ICIC0000123-740874165350-UPI,0000740874165350,22/01/2025,DR,Transfer,UPI,2292.56,,570036.52,SUCCESS
TXN00297,23/01/2025,2025-01-23,UPI-DMART AVENUE SUPERMA-DMARTAVENUESUPERMART@HDFCBANK-HDFC0MERUPI-689637799519-UPI,0000689637799519,23/01/2025,CR,Grocery,UPI,,2699.38,572735.9,SUCCESS
TXN00298,24/01/2025,2025-01-24,UPI-BYJU LEARNING-BYJUS.FEE@HDFC-HDFC0BYJUPI-391552927358-UPI,0000391552927358,24/01/2025,DR,Education,UPI,219.53,,572516.37,SUCCESS
TXN00299,25/01/2025,2025-01-25,UPI-BHARAT PETROLEUM-BPCLPETRO.98765@YBL-YESB0BPCLUP-716629664335-UPI,0000716629664335,25/01/2025,DR,Fuel,UPI,1659.05,,570857.32,SUCCESS
TXN00300,26/01/2025,2025-01-26,UPI-NETFLIX ENTERTAIN-NETFLIX.IND@ICICI-ICIC0NFLX01-704578512126-UPI,0000704578512126,26/01/2025,CR,Entertainment,UPI,,3814.8,574672.12,SUCCESS
TXN00301,27/01/2025,2025-01-27,UPI-RELIANCE JIO-JIO.BILLPAY@HDFCBANK-HDFC0JIOUPI-231473429205-UPI,0000231473429205,27/01/2025,CR,Utility,UPI,,2484.64,577156.76,SUCCESS
TXN00302,28/01/2025,2025-01-28,UPI-PRIYA SHARMA-PRIYASHARMA92@OKICICI-ICIC0000123-711341716290-UPI,0000711341716290,28/01/2025,CR,Transfer,UPI,,1354.54,578511.3,SUCCESS
TXN00303,29/01/2025,2025-01-29,UPI-AIRTEL PAYMENT-AIRTEL.BILL@AXIS-UTIB0AIRTEL-540273328737-UPI,0000540273328737,29/01/2025,DR,Utility,UPI,2640.78,,575870.52,SUCCESS
TXN00304,30/01/2025,2025-01-30,UPI-RELIANCE JIO-JIO.BILLPAY@HDFCBANK-HDFC0JIOUPI-600446723343-UPI,0000600446723343,30/01/2025,DR,Utility,UPI,1483.9,,574386.62,SUCCESS
TXN00305,31/01/2025,2025-01-31,UPI-BOOK MY SHOW-BOOKMYSHOW@YBL-YESB0BMSUP1-530194670575-UPI,0000530194670575,31/01/2025,CR,Entertainment,UPI,,1935.56,576322.18,SUCCESS
TXN00306,01/02/2025,2025-02-01,UPI-INDIGO AIRLINES-INDIGOAIR@HDFC-HDFC0INDIGO-676257961395-UPI,0000676257961395,01/02/2025,CR,Travel,UPI,,4692.72,581014.9,SUCCESS
TXN00307,02/02/2025,2025-02-02,NEFT-SALARY CREDIT-EMPLOYER PAYROLL-260546695013,0000260546695013,02/02/2025,CR,Salary,NEFT,,52929.97,633944.87,SUCCESS
TXN00308,03/02/2025,2025-02-03,UPI-LIC PREMIUM-LICPREMIUM@SBI-SBIN0LICUPI-135399964686-UPI,0000135399964686,03/02/2025,CR,Insurance,UPI,,837.39,634782.26,SUCCESS
TXN00309,04/02/2025,2025-02-04,UPI-RELIANCE JIO-JIO.BILLPAY@HDFCBANK-HDFC0JIOUPI-581117672542-UPI,0000581117672542,04/02/2025,DR,Rent,UPI,15247.0,,619535.26,SUCCESS
TXN00310,05/02/2025,2025-02-05,UPI-BHARAT PETROLEUM-BPCLPETRO.98765@YBL-YESB0BPCLUP-857687894266-UPI,0000857687894266,05/02/2025,DR,Fuel,UPI,394.24,,619141.02,SUCCESS
TXN00311,06/02/2025,2025-02-06,UPI-AIRTEL PAYMENT-AIRTEL.BILL@AXIS-UTIB0AIRTEL-253355136905-UPI,0000253355136905,06/02/2025,DR,Utility,UPI,2486.68,,616654.34,SUCCESS
TXN00312,07/02/2025,2025-02-07,UPI-MEDPLUS PHARMACY-MEDPLUS@ICICI-ICIC0MEDPLS-603254986487-UPI,0000603254986487,07/02/2025,DR,Health,UPI,2815.97,,613838.37,SUCCESS
TXN00313,08/02/2025,2025-02-08,UPI-BHARAT PETROLEUM-BPCLPETRO.98765@YBL-YESB0BPCLUP-630901236375-UPI,0000630901236375,08/02/2025,CR,Fuel,UPI,,1818.24,615656.61,SUCCESS
TXN00314,09/02/2025,2025-02-09,UPI-MSEB VIDYUT-MSEDCL.BILL@YBL-YESB0MSEBUP-346095180020-UPI,0000346095180020,09/02/2025,CR,Utility,UPI,,4288.43,619945.04,SUCCESS
TXN00315,10/02/2025,2025-02-10,UPI-FLIPKART INTERNET-FLIPKART@YESBANK-YESB0FLKUPI-876058671125-UPI,0000876058671125,10/02/2025,DR,Shopping,UPI,3301.1,,616643.94,SUCCESS
TXN00316,11/02/2025,2025-02-11,UPI-LIC PREMIUM-LICPREMIUM@SBI-SBIN0LICUPI-234380032135-UPI,0000234380032135,11/02/2025,CR,Insurance,UPI,,2402.23,619046.17,SUCCESS
TXN00317,12/02/2025,2025-02-12,UPI-PRIYA SHARMA-PRIYASHARMA92@OKICICI-ICIC0000123-538001454361-UPI,0000538001454361,12/02/2025,CR,Transfer,UPI,,4866.77,623912.94,SUCCESS
TXN00318,13/02/2025,2025-02-13,UPI-MSEB VIDYUT-MSEDCL.BILL@YBL-YESB0MSEBUP-144197157631-UPI,0000144197157631,13/02/2025,CR,Utility,UPI,,658.37,624571.31,SUCCESS
TXN00319,14/02/2025,2025-02-14,UPI-INDIGO AIRLINES-INDIGOAIR@HDFC-HDFC0INDIGO-589299895607-UPI,0000589299895607,14/02/2025,DR,Travel,UPI,1106.2,,623465.11,SUCCESS
TXN00320,15/02/2025,2025-02-15,UPI-PETROL PUMP HP-HPCL.PETROL@AXIS-UTIB0HPCUPI-718187630594-UPI,0000718187630594,15/02/2025,DR,Fuel,UPI,81.34,,623383.77,SUCCESS
TXN00321,16/02/2025,2025-02-16,UPI-MYNTRA DESIGNS-MYNTRA@ICICI-ICIC0MYNUPI-152580956926-UPI,0000152580956926,16/02/2025,CR,Shopping,UPI,,1508.9,624892.67,SUCCESS
TXN00322,17/02/2025,2025-02-17,UPI-AMAZON PAY INDIA-AMAZONPAY@APL-AXIS0000002-156834600261-UPI,0000156834600261,17/02/2025,DR,Shopping,UPI,367.16,,624525.51,SUCCESS
TXN00323,18/02/2025,2025-02-18,UPI-SNEHA KULKARNI-SNEHAK2000@OKSBI-SBIN0007788-275789144602-UPI,0000275789144602,18/02/2025,CR,Transfer,UPI,,5307.76,629833.27,SUCCESS
TXN00324,19/02/2025,2025-02-19,UPI-INDIGO AIRLINES-INDIGOAIR@HDFC-HDFC0INDIGO-626029124512-UPI,0000626029124512,19/02/2025,DR,Travel,UPI,483.04,,629350.23,SUCCESS
TXN00325,20/02/2025,2025-02-20,UPI-SWIGGY INDIA-SWIGGYSTORES@ICICI-ICIC0DC0099-945713149539-UPI,0000945713149539,20/02/2025,CR,Food,UPI,,1546.88,630897.11,SUCCESS
TXN00326,21/02/2025,2025-02-21,UPI-ZOMATO LTD-ZOMATO-ONLINE@YBL-YESB0ZOMUPI-897741584203-UPI,0000897741584203,21/02/2025,CR,Food,UPI,,1215.38,632112.49,SUCCESS
TXN00327,22/02/2025,2025-02-22,UPI-PUSHKAR DHANPAL PATL-PUSHKARPATLE441@OKSBI-UBIN0559431-142604507117-UPI,0000142604507117,22/02/2025,CR,Rent,UPI,,1280.61,633393.1,SUCCESS
TXN00328,23/02/2025,2025-02-23,UPI-MSEB VIDYUT-MSEDCL.BILL@YBL-YESB0MSEBUP-108750850618-UPI,0000108750850618,23/02/2025,DR,Utility,UPI,3448.98,,629944.12,SUCCESS
TXN00329,24/02/2025,2025-02-24,UPI-AIRTEL PAYMENT-AIRTEL.BILL@AXIS-UTIB0AIRTEL-699754869975-UPI,0000699754869975,24/02/2025,DR,Utility,UPI,3053.18,,626890.94,SUCCESS
TXN00330,25/02/2025,2025-02-25,UPI-AMAZON PAY INDIA-AMAZONPAY@APL-AXIS0000002-311625223853-UPI,0000311625223853,25/02/2025,DR,Shopping,UPI,373.63,,626517.31,SUCCESS
TXN00331,26/02/2025,2025-02-26,UPI-ROHAN MEHTA-ROHANM7@OKAXIS-UTIB0000456-907514342796-UPI,0000907514342796,26/02/2025,CR,Transfer,UPI,,3493.13,630010.44,SUCCESS
TXN00332,27/02/2025,2025-02-27,UPI-IRCTC UPI-IRCTC@SBI-SBIN0IRCTC1-313705902154-UPI,0000313705902154,27/02/2025,DR,Travel,UPI,1716.47,,628293.97,SUCCESS
TXN00333,28/02/2025,2025-02-28,UPI-SWIGGY INDIA-SWIGGYSTORES@ICICI-ICIC0DC0099-458695399156-UPI,0000458695399156,28/02/2025,DR,Food,UPI,3445.06,,624848.91,SUCCESS
TXN00334,01/03/2025,2025-03-01,UPI-FLIPKART INTERNET-FLIPKART@YESBANK-YESB0FLKUPI-250140720276-UPI,0000250140720276,01/03/2025,DR,Shopping,UPI,2317.22,,622531.69,SUCCESS
TXN00335,02/03/2025,2025-03-02,NEFT-SALARY CREDIT-EMPLOYER PAYROLL-704310233911,0000704310233911,02/03/2025,CR,Salary,NEFT,,53476.78,676008.47,SUCCESS
TXN00336,03/03/2025,2025-03-03,UPI-MYNTRA DESIGNS-MYNTRA@ICICI-ICIC0MYNUPI-691663315274-UPI,0000691663315274,03/03/2025,CR,Shopping,UPI,,4618.79,680627.26,SUCCESS
TXN00337,04/03/2025,2025-03-04,UPI-SWIGGY INDIA-SWIGGYSTORES@ICICI-ICIC0DC0099-931850734401-UPI,0000931850734401,04/03/2025,DR,Rent,UPI,16872.0,,663755.26,SUCCESS
TXN00338,05/03/2025,2025-03-05,UPI-AIRTEL PAYMENT-AIRTEL.BILL@AXIS-UTIB0AIRTEL-591883305641-UPI,0000591883305641,05/03/2025,CR,Utility,UPI,,653.0,664408.26,SUCCESS
TXN00339,06/03/2025,2025-03-06,UPI-ZOMATO LTD-ZOMATO-ONLINE@YBL-YESB0ZOMUPI-222682170508-UPI,0000222682170508,06/03/2025,CR,Food,UPI,,5436.75,669845.01,SUCCESS
TXN00340,07/03/2025,2025-03-07,UPI-MEDPLUS PHARMACY-MEDPLUS@ICICI-ICIC0MEDPLS-727933481969-UPI,0000727933481969,07/03/2025,DR,Health,UPI,184.22,,669660.79,SUCCESS
TXN00341,08/03/2025,2025-03-08,UPI-PETROL PUMP HP-HPCL.PETROL@AXIS-UTIB0HPCUPI-326260145202-UPI,0000326260145202,08/03/2025,DR,Fuel,UPI,72.74,,669588.05,SUCCESS
TXN00342,09/03/2025,2025-03-09,UPI-AIRTEL PAYMENT-AIRTEL.BILL@AXIS-UTIB0AIRTEL-243681397685-UPI,0000243681397685,09/03/2025,DR,Utility,UPI,2176.39,,667411.66,SUCCESS
TXN00343,10/03/2025,2025-03-10,UPI-PUSHKAR DHANPAL PATL-PUSHKARPATLE441@OKSBI-UBIN0559431-124581300799-UPI,0000124581300799,10/03/2025,DR,Rent,UPI,31.42,,667380.24,SUCCESS
TXN00344,11/03/2025,2025-03-11,UPI-PRIYA SHARMA-PRIYASHARMA92@OKICICI-ICIC0000123-564050986189-UPI,0000564050986189,11/03/2025,CR,Transfer,UPI,,3338.75,670718.99,SUCCESS
TXN00345,12/03/2025,2025-03-12,UPI-FLIPKART INTERNET-FLIPKART@YESBANK-YESB0FLKUPI-176855083008-UPI,0000176855083008,12/03/2025,DR,Shopping,UPI,2806.92,,667912.07,SUCCESS
TXN00346,13/03/2025,2025-03-13,UPI-OLA CABS INDIA-OLACABS@HDFCBANK-HDFC0OLAUPI-520440076410-UPI,0000520440076410,13/03/2025,CR,Travel,UPI,,5459.25,673371.32,SUCCESS
TXN00347,14/03/2025,2025-03-14,UPI-MYNTRA DESIGNS-MYNTRA@ICICI-ICIC0MYNUPI-187512731223-UPI,0000187512731223,14/03/2025,CR,Shopping,UPI,,5272.41,678643.73,SUCCESS
TXN00348,15/03/2025,2025-03-15,UPI-PRIYA SHARMA-PRIYASHARMA92@OKICICI-ICIC0000123-817830725289-UPI,0000817830725289,15/03/2025,DR,Transfer,UPI,496.64,,678147.09,SUCCESS
TXN00349,16/03/2025,2025-03-16,UPI-DMART AVENUE SUPERMA-DMARTAVENUESUPERMART@HDFCBANK-HDFC0MERUPI-928943605798-UPI,0000928943605798,16/03/2025,CR,Grocery,UPI,,2885.42,681032.51,SUCCESS
TXN00350,17/03/2025,2025-03-17,UPI-SNEHA KULKARNI-SNEHAK2000@OKSBI-SBIN0007788-700088939243-UPI,0000700088939243,17/03/2025,DR,Transfer,UPI,1242.54,,679789.97,SUCCESS
TXN00351,18/03/2025,2025-03-18,UPI-BHARAT PETROLEUM-BPCLPETRO.98765@YBL-YESB0BPCLUP-401313951964-UPI,0000401313951964,18/03/2025,CR,Fuel,UPI,,4405.14,684195.11,SUCCESS
TXN00352,19/03/2025,2025-03-19,UPI-MYNTRA DESIGNS-MYNTRA@ICICI-ICIC0MYNUPI-134844402424-UPI,0000134844402424,19/03/2025,DR,Shopping,UPI,390.05,,683805.06,SUCCESS
TXN00353,20/03/2025,2025-03-20,UPI-SWIGGY INDIA-SWIGGYSTORES@ICICI-ICIC0DC0099-324371953252-UPI,0000324371953252,20/03/2025,DR,Food,UPI,45.78,,683759.28,SUCCESS
TXN00354,21/03/2025,2025-03-21,UPI-ZOMATO LTD-ZOMATO-ONLINE@YBL-YESB0ZOMUPI-912799944114-UPI,0000912799944114,21/03/2025,DR,Food,UPI,140.14,,683619.14,SUCCESS
TXN00355,22/03/2025,2025-03-22,UPI-MSEB VIDYUT-MSEDCL.BILL@YBL-YESB0MSEBUP-650357691607-UPI,0000650357691607,22/03/2025,DR,Utility,UPI,2228.33,,681390.81,SUCCESS
TXN00356,23/03/2025,2025-03-23,UPI-RELIANCE JIO-JIO.BILLPAY@HDFCBANK-HDFC0JIOUPI-431729976873-UPI,0000431729976873,23/03/2025,CR,Utility,UPI,,3223.26,684614.07,SUCCESS
TXN00357,24/03/2025,2025-03-24,UPI-NETFLIX ENTERTAIN-NETFLIX.IND@ICICI-ICIC0NFLX01-428193742057-UPI,0000428193742057,24/03/2025,DR,Entertainment,UPI,475.8,,684138.27,SUCCESS
TXN00358,25/03/2025,2025-03-25,UPI-SNEHA KULKARNI-SNEHAK2000@OKSBI-SBIN0007788-845717962258-UPI,0000845717962258,25/03/2025,DR,Transfer,UPI,1533.24,,682605.03,SUCCESS
TXN00359,26/03/2025,2025-03-26,UPI-ROHAN MEHTA-ROHANM7@OKAXIS-UTIB0000456-678900622716-UPI,0000678900622716,26/03/2025,CR,Transfer,UPI,,2567.9,685172.93,SUCCESS
TXN00360,27/03/2025,2025-03-27,UPI-IRCTC UPI-IRCTC@SBI-SBIN0IRCTC1-513604871693-UPI,0000513604871693,27/03/2025,CR,Travel,UPI,,2946.41,688119.34,SUCCESS
TXN00361,28/03/2025,2025-03-28,UPI-MSEB VIDYUT-MSEDCL.BILL@YBL-YESB0MSEBUP-348461027407-UPI,0000348461027407,28/03/2025,CR,Utility,UPI,,1037.24,689156.58,SUCCESS
TXN00362,29/03/2025,2025-03-29,UPI-SNEHA KULKARNI-SNEHAK2000@OKSBI-SBIN0007788-714427816253-UPI,0000714427816253,29/03/2025,CR,Transfer,UPI,,3432.26,692588.84,SUCCESS
TXN00363,30/03/2025,2025-03-30,UPI-BIG BAZAAR RETAIL-BIGBAZAAR.MH01@HDFCBANK-HDFC0BBUPI1-525777686278-UPI,0000525777686278,30/03/2025,DR,Shopping,UPI,737.21,,691851.63,SUCCESS
TXN00364,31/03/2025,2025-03-31,UPI-SWIGGY INDIA-SWIGGYSTORES@ICICI-ICIC0DC0099-507365336000-UPI,0000507365336000,31/03/2025,DR,Food,UPI,654.61,,691197.02,SUCCESS
